Datum;Tijd;Parameter;Locatie;Bepalingsgrenswaarde;Meting;Eenheid;Bemonsteringshoogte;Referentievlak;
14-4-2004;08:00:00;(massa)Concentratie ammonium in Oppervlaktewater uitgedrukt in stikstof / opgeloste fractie in mg/l;Lobith ponton;;0,0500;mg/l;-100;WATSGL;
28-4-2004;08:00:00;(massa)Concentratie ammonium in Oppervlaktewater uitgedrukt in stikstof / opgeloste fractie in mg/l;Lobith ponton;;0,0300;mg/l;-100;WATSGL;
12-5-2004;08:00:00;(massa)Concentratie ammonium in Oppervlaktewater uitgedrukt in stikstof / opgeloste fractie in mg/l;Lobith ponton;;0,0400;mg/l;-100;WATSGL;
26-5-2004;08:00:00;(massa)Concentratie ammonium in Oppervlaktewater uitgedrukt in stikstof / opgeloste fractie in mg/l;Lobith ponton;;0,0200;mg/l;-100;WATSGL;
9-6-2004;08:00:00;(massa)Concentratie ammonium in Oppervlaktewater uitgedrukt in stikstof / opgeloste fractie in mg/l;Lobith ponton;;0,0300;mg/l;-100;WATSGL;
23-6-2004;08:00:00;(massa)Concentratie ammonium in Oppervlaktewater uitgedrukt in stikstof / opgeloste fractie in mg/l;Lobith ponton;;0,0400;mg/l;-100;WATSGL;
7-7-2004;08:00:00;(massa)Concentratie ammonium in Oppervlaktewater uitgedrukt in stikstof / opgeloste fractie in mg/l;Lobith ponton;;0,0200;mg/l;-100;WATSGL;
21-7-2004;08:00:00;(massa)Concentratie ammonium in Oppervlaktewater uitgedrukt in stikstof / opgeloste fractie in mg/l;Lobith ponton;;0,0500;mg/l;-100;WATSGL;
4-8-2004;08:00:00;(massa)Concentratie ammonium in Oppervlaktewater uitgedrukt in stikstof / opgeloste fractie in mg/l;Lobith ponton;;0,0200;mg/l;-100;WATSGL;
18-8-2004;08:00:00;(massa)Concentratie ammonium in Oppervlaktewater uitgedrukt in stikstof / opgeloste fractie in mg/l;Lobith ponton;;0,0200;mg/l;-100;WATSGL;
1-9-2004;08:00:00;(massa)Concentratie ammonium in Oppervlaktewater uitgedrukt in stikstof / opgeloste fractie in mg/l;Lobith ponton;<;0,0100;mg/l;-100;WATSGL;
15-9-2004;08:00:00;(massa)Concentratie ammonium in Oppervlaktewater uitgedrukt in stikstof / opgeloste fractie in mg/l;Lobith ponton;;0,0600;mg/l;-100;WATSGL;
29-9-2004;08:00:00;(massa)Concentratie ammonium in Oppervlaktewater uitgedrukt in stikstof / opgeloste fractie in mg/l;Lobith ponton;;0,0300;mg/l;-100;WATSGL;
13-10-2004;12:00:00;(massa)Concentratie ammonium in Oppervlaktewater uitgedrukt in stikstof / opgeloste fractie in mg/l;Lobith ponton;;0,0100;mg/l;-100;WATSGL;
27-10-2004;08:00:00;(massa)Concentratie ammonium in Oppervlaktewater uitgedrukt in stikstof / opgeloste fractie in mg/l;Lobith ponton;;0,0300;mg/l;-100;WATSGL;
10-11-2004;12:00:00;(massa)Concentratie ammonium in Oppervlaktewater uitgedrukt in stikstof / opgeloste fractie in mg/l;Lobith ponton;;0,0200;mg/l;-100;WATSGL;
24-11-2004;12:00:00;(massa)Concentratie ammonium in Oppervlaktewater uitgedrukt in stikstof / opgeloste fractie in mg/l;Lobith ponton;;0,1100;mg/l;-100;WATSGL;
8-12-2004;08:00:00;(massa)Concentratie ammonium in Oppervlaktewater uitgedrukt in stikstof / opgeloste fractie in mg/l;Lobith ponton;;0,0600;mg/l;-100;WATSGL;
22-12-2004;08:00:00;(massa)Concentratie ammonium in Oppervlaktewater uitgedrukt in stikstof / opgeloste fractie in mg/l;Lobith ponton;;0,1100;mg/l;-100;WATSGL;
5-1-2005;08:00:00;(massa)Concentratie ammonium in Oppervlaktewater uitgedrukt in stikstof / opgeloste fractie in mg/l;Lobith ponton;;0,0700;mg/l;-100;WATSGL;
19-1-2005;08:00:00;(massa)Concentratie ammonium in Oppervlaktewater uitgedrukt in stikstof / opgeloste fractie in mg/l;Lobith ponton;;0,1500;mg/l;-100;WATSGL;
2-2-2005;08:00:00;(massa)Concentratie ammonium in Oppervlaktewater uitgedrukt in stikstof / opgeloste fractie in mg/l;Lobith ponton;;0,1700;mg/l;-100;WATSGL;
16-2-2005;08:00:00;(massa)Concentratie ammonium in Oppervlaktewater uitgedrukt in stikstof / opgeloste fractie in mg/l;Lobith ponton;;0,1300;mg/l;-100;WATSGL;
2-3-2005;08:00:00;(massa)Concentratie ammonium in Oppervlaktewater uitgedrukt in stikstof / opgeloste fractie in mg/l;Lobith ponton;;0,1600;mg/l;-100;WATSGL;
16-3-2005;08:00:00;(massa)Concentratie ammonium in Oppervlaktewater uitgedrukt in stikstof / opgeloste fractie in mg/l;Lobith ponton;;0,0900;mg/l;-100;WATSGL;
30-3-2005;08:00:00;(massa)Concentratie ammonium in Oppervlaktewater uitgedrukt in stikstof / opgeloste fractie in mg/l;Lobith ponton;;0,0800;mg/l;-100;WATSGL;
13-4-2005;08:00:00;(massa)Concentratie ammonium in Oppervlaktewater uitgedrukt in stikstof / opgeloste fractie in mg/l;Lobith ponton;;0,0400;mg/l;-100;WATSGL;
27-4-2005;08:00:00;(massa)Concentratie ammonium in Oppervlaktewater uitgedrukt in stikstof / opgeloste fractie in mg/l;Lobith ponton;;0,0100;mg/l;-100;WATSGL;
11-5-2005;08:00:00;(massa)Concentratie ammonium in Oppervlaktewater uitgedrukt in stikstof / opgeloste fractie in mg/l;Lobith ponton;;0,0300;mg/l;-100;WATSGL;
25-5-2005;08:00:00;(massa)Concentratie ammonium in Oppervlaktewater uitgedrukt in stikstof / opgeloste fractie in mg/l;Lobith ponton;;0,0300;mg/l;-100;WATSGL;
8-6-2005;08:00:00;(massa)Concentratie ammonium in Oppervlaktewater uitgedrukt in stikstof / opgeloste fractie in mg/l;Lobith ponton;<;0,0100;mg/l;-100;WATSGL;
22-6-2005;12:00:00;(massa)Concentratie ammonium in Oppervlaktewater uitgedrukt in stikstof / opgeloste fractie in mg/l;Lobith ponton;<;0,0100;mg/l;-100;WATSGL;
6-7-2005;08:00:00;(massa)Concentratie ammonium in Oppervlaktewater uitgedrukt in stikstof / opgeloste fractie in mg/l;Lobith ponton;;0,0400;mg/l;-100;WATSGL;
20-7-2005;08:00:00;(massa)Concentratie ammonium in Oppervlaktewater uitgedrukt in stikstof / opgeloste fractie in mg/l;Lobith ponton;;0,0300;mg/l;-100;WATSGL;
3-8-2005;08:00:00;(massa)Concentratie ammonium in Oppervlaktewater uitgedrukt in stikstof / opgeloste fractie in mg/l;Lobith ponton;;0,0300;mg/l;-100;WATSGL;
17-8-2005;08:00:00;(massa)Concentratie ammonium in Oppervlaktewater uitgedrukt in stikstof / opgeloste fractie in mg/l;Lobith ponton;;0,0300;mg/l;-100;WATSGL;
31-8-2005;08:00:00;(massa)Concentratie ammonium in Oppervlaktewater uitgedrukt in stikstof / opgeloste fractie in mg/l;Lobith ponton;;0,0200;mg/l;-100;WATSGL;
14-9-2005;08:00:00;(massa)Concentratie ammonium in Oppervlaktewater uitgedrukt in stikstof / opgeloste fractie in mg/l;Lobith ponton;;0,0200;mg/l;-100;WATSGL;
28-9-2005;08:00:00;(massa)Concentratie ammonium in Oppervlaktewater uitgedrukt in stikstof / opgeloste fractie in mg/l;Lobith ponton;;0,0200;mg/l;-100;WATSGL;
12-10-2005;08:00:00;(massa)Concentratie ammonium in Oppervlaktewater uitgedrukt in stikstof / opgeloste fractie in mg/l;Lobith ponton;<;0,0100;mg/l;-100;WATSGL;
26-10-2005;08:00:00;(massa)Concentratie ammonium in Oppervlaktewater uitgedrukt in stikstof / opgeloste fractie in mg/l;Lobith ponton;;0,0600;mg/l;-100;WATSGL;
9-11-2005;08:00:00;(massa)Concentratie ammonium in Oppervlaktewater uitgedrukt in stikstof / opgeloste fractie in mg/l;Lobith ponton;;0,0500;mg/l;-100;WATSGL;
22-11-2005;08:00:00;(massa)Concentratie ammonium in Oppervlaktewater uitgedrukt in stikstof / opgeloste fractie in mg/l;Lobith ponton;;0,0300;mg/l;-100;WATSGL;
7-12-2005;08:00:00;(massa)Concentratie ammonium in Oppervlaktewater uitgedrukt in stikstof / opgeloste fractie in mg/l;Lobith ponton;;0,1200;mg/l;-100;WATSGL;
21-12-2005;08:00:00;(massa)Concentratie ammonium in Oppervlaktewater uitgedrukt in stikstof / opgeloste fractie in mg/l;Lobith ponton;;0,1600;mg/l;-100;WATSGL;
4-1-2006;08:00:00;(massa)Concentratie ammonium in Oppervlaktewater uitgedrukt in stikstof / opgeloste fractie in mg/l;Lobith ponton;;0,1200;mg/l;-100;WATSGL;
18-1-2006;08:00:00;(massa)Concentratie ammonium in Oppervlaktewater uitgedrukt in stikstof / opgeloste fractie in mg/l;Lobith ponton;;0,1800;mg/l;-100;WATSGL;
1-2-2006;08:00:00;(massa)Concentratie ammonium in Oppervlaktewater uitgedrukt in stikstof / opgeloste fractie in mg/l;Lobith ponton;;0,2100;mg/l;-100;WATSGL;
15-2-2006;08:00:00;(massa)Concentratie ammonium in Oppervlaktewater uitgedrukt in stikstof / opgeloste fractie in mg/l;Lobith ponton;;0,2000;mg/l;-100;WATSGL;
1-3-2006;08:00:00;(massa)Concentratie ammonium in Oppervlaktewater uitgedrukt in stikstof / opgeloste fractie in mg/l;Lobith ponton;;0,2600;mg/l;-100;WATSGL;
15-3-2006;12:00:00;(massa)Concentratie ammonium in Oppervlaktewater uitgedrukt in stikstof / opgeloste fractie in mg/l;Lobith ponton;;0,1500;mg/l;-100;WATSGL;
29-3-2006;08:00:00;(massa)Concentratie ammonium in Oppervlaktewater uitgedrukt in stikstof / opgeloste fractie in mg/l;Lobith ponton;;0,1100;mg/l;-100;WATSGL;
12-4-2006;08:00:00;(massa)Concentratie ammonium in Oppervlaktewater uitgedrukt in stikstof / opgeloste fractie in mg/l;Lobith ponton;;0,0700;mg/l;-100;WATSGL;
26-4-2006;08:00:00;(massa)Concentratie ammonium in Oppervlaktewater uitgedrukt in stikstof / opgeloste fractie in mg/l;Lobith ponton;;0,0100;mg/l;-100;WATSGL;
10-5-2006;08:00:00;(massa)Concentratie ammonium in Oppervlaktewater uitgedrukt in stikstof / opgeloste fractie in mg/l;Lobith ponton;;0,0300;mg/l;-100;WATSGL;
23-5-2006;08:00:00;(massa)Concentratie ammonium in Oppervlaktewater uitgedrukt in stikstof / opgeloste fractie in mg/l;Lobith ponton;;0,0600;mg/l;-100;WATSGL;
7-6-2006;08:00:00;(massa)Concentratie ammonium in Oppervlaktewater uitgedrukt in stikstof / opgeloste fractie in mg/l;Lobith ponton;;0,0300;mg/l;-100;WATSGL;
21-6-2006;08:00:00;(massa)Concentratie ammonium in Oppervlaktewater uitgedrukt in stikstof / opgeloste fractie in mg/l;Lobith ponton;;0,0400;mg/l;-100;WATSGL;
5-7-2006;08:00:00;(massa)Concentratie ammonium in Oppervlaktewater uitgedrukt in stikstof / opgeloste fractie in mg/l;Lobith ponton;;0,0300;mg/l;-100;WATSGL;
19-7-2006;08:30:00;(massa)Concentratie ammonium in Oppervlaktewater uitgedrukt in stikstof / opgeloste fractie in mg/l;Lobith ponton;;0,0500;mg/l;-100;WATSGL;
2-8-2006;08:00:00;(massa)Concentratie ammonium in Oppervlaktewater uitgedrukt in stikstof / opgeloste fractie in mg/l;Lobith ponton;;0,0400;mg/l;-100;WATSGL;
16-8-2006;08:00:00;(massa)Concentratie ammonium in Oppervlaktewater uitgedrukt in stikstof / opgeloste fractie in mg/l;Lobith ponton;;0,0800;mg/l;-100;WATSGL;
30-8-2006;12:00:00;(massa)Concentratie ammonium in Oppervlaktewater uitgedrukt in stikstof / opgeloste fractie in mg/l;Lobith ponton;;0,0300;mg/l;-100;WATSGL;
13-9-2006;08:00:00;(massa)Concentratie ammonium in Oppervlaktewater uitgedrukt in stikstof / opgeloste fractie in mg/l;Lobith ponton;;0,0100;mg/l;-100;WATSGL;
27-9-2006;12:00:00;(massa)Concentratie ammonium in Oppervlaktewater uitgedrukt in stikstof / opgeloste fractie in mg/l;Lobith ponton;;0,0200;mg/l;-100;WATSGL;
11-10-2006;08:00:00;(massa)Concentratie ammonium in Oppervlaktewater uitgedrukt in stikstof / opgeloste fractie in mg/l;Lobith ponton;<;0,0100;mg/l;-100;WATSGL;
25-10-2006;08:00:00;(massa)Concentratie ammonium in Oppervlaktewater uitgedrukt in stikstof / opgeloste fractie in mg/l;Lobith ponton;;0,0600;mg/l;-100;WATSGL;
8-11-2006;12:00:00;(massa)Concentratie ammonium in Oppervlaktewater uitgedrukt in stikstof / opgeloste fractie in mg/l;Lobith ponton;<;0,0100;mg/l;-100;WATSGL;
22-11-2006;08:00:00;(massa)Concentratie ammonium in Oppervlaktewater uitgedrukt in stikstof / opgeloste fractie in mg/l;Lobith ponton;;0,0500;mg/l;-100;WATSGL;
6-12-2006;08:00:00;(massa)Concentratie ammonium in Oppervlaktewater uitgedrukt in stikstof / opgeloste fractie in mg/l;Lobith ponton;;0,0700;mg/l;-100;WATSGL;
20-12-2006;08:00:00;(massa)Concentratie ammonium in Oppervlaktewater uitgedrukt in stikstof / opgeloste fractie in mg/l;Lobith ponton;;0,0300;mg/l;-100;WATSGL;
3-1-2007;08:00:00;(massa)Concentratie ammonium in Oppervlaktewater uitgedrukt in stikstof / opgeloste fractie in mg/l;Lobith ponton;;0,0500;mg/l;-100;WATSGL;
17-1-2007;08:00:00;(massa)Concentratie ammonium in Oppervlaktewater uitgedrukt in stikstof / opgeloste fractie in mg/l;Lobith ponton;;0,0300;mg/l;-100;WATSGL;
31-1-2007;08:00:00;(massa)Concentratie ammonium in Oppervlaktewater uitgedrukt in stikstof / opgeloste fractie in mg/l;Lobith ponton;;0,0600;mg/l;-100;WATSGL;
14-2-2007;12:00:00;(massa)Concentratie ammonium in Oppervlaktewater uitgedrukt in stikstof / opgeloste fractie in mg/l;Lobith ponton;;0,1200;mg/l;-100;WATSGL;
28-2-2007;08:00:00;(massa)Concentratie ammonium in Oppervlaktewater uitgedrukt in stikstof / opgeloste fractie in mg/l;Lobith ponton;<;0,0100;mg/l;-100;WATSGL;
14-3-2007;08:00:00;(massa)Concentratie ammonium in Oppervlaktewater uitgedrukt in stikstof / opgeloste fractie in mg/l;Lobith ponton;;0,0500;mg/l;-100;WATSGL;
28-3-2007;08:00:00;(massa)Concentratie ammonium in Oppervlaktewater uitgedrukt in stikstof / opgeloste fractie in mg/l;Lobith ponton;;0,0500;mg/l;-100;WATSGL;
11-4-2007;08:00:00;(massa)Concentratie ammonium in Oppervlaktewater uitgedrukt in stikstof / opgeloste fractie in mg/l;Lobith ponton;;0,0300;mg/l;-100;WATSGL;
25-4-2007;08:00:00;(massa)Concentratie ammonium in Oppervlaktewater uitgedrukt in stikstof / opgeloste fractie in mg/l;Lobith ponton;;0,0300;mg/l;-100;WATSGL;
9-5-2007;08:00:00;(massa)Concentratie ammonium in Oppervlaktewater uitgedrukt in stikstof / opgeloste fractie in mg/l;Lobith ponton;;0,1700;mg/l;-100;WATSGL;
23-5-2007;08:00:00;(massa)Concentratie ammonium in Oppervlaktewater uitgedrukt in stikstof / opgeloste fractie in mg/l;Lobith ponton;;0,0300;mg/l;-100;WATSGL;
6-6-2007;08:00:00;(massa)Concentratie ammonium in Oppervlaktewater uitgedrukt in stikstof / opgeloste fractie in mg/l;Lobith ponton;<;0,0100;mg/l;-100;WATSGL;
20-6-2007;09:00:00;(massa)Concentratie ammonium in Oppervlaktewater uitgedrukt in stikstof / opgeloste fractie in mg/l;Lobith ponton;;0,0100;mg/l;-100;WATSGL;
4-7-2007;08:00:00;(massa)Concentratie ammonium in Oppervlaktewater uitgedrukt in stikstof / opgeloste fractie in mg/l;Lobith ponton;;0,0200;mg/l;-100;WATSGL;
18-7-2007;08:00:00;(massa)Concentratie ammonium in Oppervlaktewater uitgedrukt in stikstof / opgeloste fractie in mg/l;Lobith ponton;<;0,0100;mg/l;-100;WATSGL;
1-8-2007;08:00:00;(massa)Concentratie ammonium in Oppervlaktewater uitgedrukt in stikstof / opgeloste fractie in mg/l;Lobith ponton;;0,0200;mg/l;-100;WATSGL;
15-8-2007;08:00:00;(massa)Concentratie ammonium in Oppervlaktewater uitgedrukt in stikstof / opgeloste fractie in mg/l;Lobith ponton;;0,0900;mg/l;-100;WATSGL;
29-8-2007;08:00:00;(massa)Concentratie ammonium in Oppervlaktewater uitgedrukt in stikstof / opgeloste fractie in mg/l;Lobith ponton;;0,0200;mg/l;-100;WATSGL;
12-9-2007;08:00:00;(massa)Concentratie ammonium in Oppervlaktewater uitgedrukt in stikstof / opgeloste fractie in mg/l;Lobith ponton;;0,0500;mg/l;-100;WATSGL;
26-9-2007;08:00:00;(massa)Concentratie ammonium in Oppervlaktewater uitgedrukt in stikstof / opgeloste fractie in mg/l;Lobith ponton;;0,0100;mg/l;-100;WATSGL;
10-10-2007;08:00:00;(massa)Concentratie ammonium in Oppervlaktewater uitgedrukt in stikstof / opgeloste fractie in mg/l;Lobith ponton;;0,0200;mg/l;-100;WATSGL;
24-10-2007;08:00:00;(massa)Concentratie ammonium in Oppervlaktewater uitgedrukt in stikstof / opgeloste fractie in mg/l;Lobith ponton;;0,0300;mg/l;-100;WATSGL;
7-11-2007;08:00:00;(massa)Concentratie ammonium in Oppervlaktewater uitgedrukt in stikstof / opgeloste fractie in mg/l;Lobith ponton;;0,0400;mg/l;-100;WATSGL;
21-11-2007;08:00:00;(massa)Concentratie ammonium in Oppervlaktewater uitgedrukt in stikstof / opgeloste fractie in mg/l;Lobith ponton;;0,0600;mg/l;-100;WATSGL;
5-12-2007;08:00:00;(massa)Concentratie ammonium in Oppervlaktewater uitgedrukt in stikstof / opgeloste fractie in mg/l;Lobith ponton;;0,0700;mg/l;-100;WATSGL;
19-12-2007;08:00:00;(massa)Concentratie ammonium in Oppervlaktewater uitgedrukt in stikstof / opgeloste fractie in mg/l;Lobith ponton;;0,0500;mg/l;-100;WATSGL;
2-1-2008;08:00:00;(massa)Concentratie ammonium in Oppervlaktewater uitgedrukt in stikstof / opgeloste fractie in mg/l;Lobith ponton;;0,1300;mg/l;-100;WATSGL;
16-1-2008;08:00:00;(massa)Concentratie ammonium in Oppervlaktewater uitgedrukt in stikstof / opgeloste fractie in mg/l;Lobith ponton;;0,0700;mg/l;-100;WATSGL;
30-1-2008;08:00:00;(massa)Concentratie ammonium in Oppervlaktewater uitgedrukt in stikstof / opgeloste fractie in mg/l;Lobith ponton;;0,0600;mg/l;-100;WATSGL;
13-2-2008;08:00:00;(massa)Concentratie ammonium in Oppervlaktewater uitgedrukt in stikstof / opgeloste fractie in mg/l;Lobith ponton;<;0,0100;mg/l;-100;WATSGL;
27-2-2008;08:00:00;(massa)Concentratie ammonium in Oppervlaktewater uitgedrukt in stikstof / opgeloste fractie in mg/l;Lobith ponton;<;0,0100;mg/l;-100;WATSGL;
12-3-2008;08:00:00;(massa)Concentratie ammonium in Oppervlaktewater uitgedrukt in stikstof / opgeloste fractie in mg/l;Lobith ponton;;0,0400;mg/l;-100;WATSGL;
26-3-2008;08:00:00;(massa)Concentratie ammonium in Oppervlaktewater uitgedrukt in stikstof / opgeloste fractie in mg/l;Lobith ponton;;0,0400;mg/l;-100;WATSGL;
9-4-2008;08:00:00;(massa)Concentratie ammonium in Oppervlaktewater uitgedrukt in stikstof / opgeloste fractie in mg/l;Lobith ponton;;0,0100;mg/l;-100;WATSGL;
23-4-2008;08:00:00;(massa)Concentratie ammonium in Oppervlaktewater uitgedrukt in stikstof / opgeloste fractie in mg/l;Lobith ponton;;0,0100;mg/l;-100;WATSGL;
7-5-2008;08:00:00;(massa)Concentratie ammonium in Oppervlaktewater uitgedrukt in stikstof / opgeloste fractie in mg/l;Lobith ponton;<;0,0100;mg/l;-100;WATSGL;
21-5-2008;08:00:00;(massa)Concentratie ammonium in Oppervlaktewater uitgedrukt in stikstof / opgeloste fractie in mg/l;Lobith ponton;<;0,0100;mg/l;-100;WATSGL;
4-6-2008;08:00:00;(massa)Concentratie ammonium in Oppervlaktewater uitgedrukt in stikstof / opgeloste fractie in mg/l;Lobith ponton;;0,0200;mg/l;-100;WATSGL;
18-6-2008;08:00:00;(massa)Concentratie ammonium in Oppervlaktewater uitgedrukt in stikstof / opgeloste fractie in mg/l;Lobith ponton;<;0,0100;mg/l;-100;WATSGL;
2-7-2008;08:00:00;(massa)Concentratie ammonium in Oppervlaktewater uitgedrukt in stikstof / opgeloste fractie in mg/l;Lobith ponton;;0,0100;mg/l;-100;WATSGL;
16-7-2008;08:00:00;(massa)Concentratie ammonium in Oppervlaktewater uitgedrukt in stikstof / opgeloste fractie in mg/l;Lobith ponton;;0,0200;mg/l;-100;WATSGL;
30-7-2008;08:00:00;(massa)Concentratie ammonium in Oppervlaktewater uitgedrukt in stikstof / opgeloste fractie in mg/l;Lobith ponton;<;0,0100;mg/l;-100;WATSGL;
13-8-2008;08:00:00;(massa)Concentratie ammonium in Oppervlaktewater uitgedrukt in stikstof / opgeloste fractie in mg/l;Lobith ponton;;0,0200;mg/l;-100;WATSGL;
27-8-2008;08:00:00;(massa)Concentratie ammonium in Oppervlaktewater uitgedrukt in stikstof / opgeloste fractie in mg/l;Lobith ponton;;0,0100;mg/l;-100;WATSGL;
10-9-2008;08:00:00;(massa)Concentratie ammonium in Oppervlaktewater uitgedrukt in stikstof / opgeloste fractie in mg/l;Lobith ponton;;0,0100;mg/l;-100;WATSGL;
24-9-2008;08:00:00;(massa)Concentratie ammonium in Oppervlaktewater uitgedrukt in stikstof / opgeloste fractie in mg/l;Lobith ponton;;0,0200;mg/l;-100;WATSGL;
8-10-2008;08:00:00;(massa)Concentratie ammonium in Oppervlaktewater uitgedrukt in stikstof / opgeloste fractie in mg/l;Lobith ponton;;0,0300;mg/l;-100;WATSGL;
22-10-2008;08:00:00;(massa)Concentratie ammonium in Oppervlaktewater uitgedrukt in stikstof / opgeloste fractie in mg/l;Lobith ponton;;0,0300;mg/l;-100;WATSGL;
5-11-2008;08:00:00;(massa)Concentratie ammonium in Oppervlaktewater uitgedrukt in stikstof / opgeloste fractie in mg/l;Lobith ponton;;0,0300;mg/l;-100;WATSGL;
19-11-2008;08:00:00;(massa)Concentratie ammonium in Oppervlaktewater uitgedrukt in stikstof / opgeloste fractie in mg/l;Lobith ponton;;0,0500;mg/l;-100;WATSGL;
3-12-2008;08:00:00;(massa)Concentratie ammonium in Oppervlaktewater uitgedrukt in stikstof / opgeloste fractie in mg/l;Lobith ponton;;0,0400;mg/l;-100;WATSGL;
17-12-2008;08:00:00;(massa)Concentratie ammonium in Oppervlaktewater uitgedrukt in stikstof / opgeloste fractie in mg/l;Lobith ponton;;0,0600;mg/l;-100;WATSGL;
30-12-2008;08:00:00;(massa)Concentratie ammonium in Oppervlaktewater uitgedrukt in stikstof / opgeloste fractie in mg/l;Lobith ponton;;0,0800;mg/l;-100;WATSGL;
14-1-2009;08:00:00;(massa)Concentratie ammonium in Oppervlaktewater uitgedrukt in stikstof / opgeloste fractie in mg/l;Lobith ponton;;0,2100;mg/l;-100;WATSGL;
28-1-2009;08:00:00;(massa)Concentratie ammonium in Oppervlaktewater uitgedrukt in stikstof / opgeloste fractie in mg/l;Lobith ponton;;0,1600;mg/l;-100;WATSGL;
11-2-2009;08:00:00;(massa)Concentratie ammonium in Oppervlaktewater uitgedrukt in stikstof / opgeloste fractie in mg/l;Lobith ponton;;0,2500;mg/l;-100;WATSGL;
25-2-2009;08:00:00;(massa)Concentratie ammonium in Oppervlaktewater uitgedrukt in stikstof / opgeloste fractie in mg/l;Lobith ponton;;0,1000;mg/l;-100;WATSGL;
11-3-2009;08:00:00;(massa)Concentratie ammonium in Oppervlaktewater uitgedrukt in stikstof / opgeloste fractie in mg/l;Lobith ponton;;0,0800;mg/l;-100;WATSGL;
25-3-2009;07:50:00;(massa)Concentratie ammonium in Oppervlaktewater uitgedrukt in stikstof / opgeloste fractie in mg/l;Lobith ponton;;0,0700;mg/l;-100;WATSGL;
8-4-2009;08:00:00;(massa)Concentratie ammonium in Oppervlaktewater uitgedrukt in stikstof / opgeloste fractie in mg/l;Lobith ponton;;0,0200;mg/l;-100;WATSGL;
22-4-2009;08:00:00;(massa)Concentratie ammonium in Oppervlaktewater uitgedrukt in stikstof / opgeloste fractie in mg/l;Lobith ponton;;0,0200;mg/l;-100;WATSGL;
6-5-2009;08:00:00;(massa)Concentratie ammonium in Oppervlaktewater uitgedrukt in stikstof / opgeloste fractie in mg/l;Lobith ponton;;0,0300;mg/l;-100;WATSGL;
20-5-2009;07:50:00;(massa)Concentratie ammonium in Oppervlaktewater uitgedrukt in stikstof / opgeloste fractie in mg/l;Lobith ponton;;0,0200;mg/l;-100;WATSGL;
3-6-2009;08:00:00;(massa)Concentratie ammonium in Oppervlaktewater uitgedrukt in stikstof / opgeloste fractie in mg/l;Lobith ponton;;0,0200;mg/l;-100;WATSGL;
17-6-2009;08:00:00;(massa)Concentratie ammonium in Oppervlaktewater uitgedrukt in stikstof / opgeloste fractie in mg/l;Lobith ponton;;0,0200;mg/l;-100;WATSGL;
1-7-2009;08:00:00;(massa)Concentratie ammonium in Oppervlaktewater uitgedrukt in stikstof / opgeloste fractie in mg/l;Lobith ponton;;0,0200;mg/l;-100;WATSGL;
15-7-2009;08:15:00;(massa)Concentratie ammonium in Oppervlaktewater uitgedrukt in stikstof / opgeloste fractie in mg/l;Lobith ponton;<;0,0100;mg/l;-100;WATSGL;
29-7-2009;07:30:00;(massa)Concentratie ammonium in Oppervlaktewater uitgedrukt in stikstof / opgeloste fractie in mg/l;Lobith ponton;;0,0100;mg/l;-100;WATSGL;
12-8-2009;08:00:00;(massa)Concentratie ammonium in Oppervlaktewater uitgedrukt in stikstof / opgeloste fractie in mg/l;Lobith ponton;;0,0100;mg/l;-100;WATSGL;
26-8-2009;07:30:00;(massa)Concentratie ammonium in Oppervlaktewater uitgedrukt in stikstof / opgeloste fractie in mg/l;Lobith ponton;;0,0200;mg/l;-100;WATSGL;
9-9-2009;08:00:00;(massa)Concentratie ammonium in Oppervlaktewater uitgedrukt in stikstof / opgeloste fractie in mg/l;Lobith ponton;<;0,0100;mg/l;-100;WATSGL;
23-9-2009;07:30:00;(massa)Concentratie ammonium in Oppervlaktewater uitgedrukt in stikstof / opgeloste fractie in mg/l;Lobith ponton;;0,0300;mg/l;-100;WATSGL;
7-10-2009;08:00:00;(massa)Concentratie ammonium in Oppervlaktewater uitgedrukt in stikstof / opgeloste fractie in mg/l;Lobith ponton;;0,0400;mg/l;-100;WATSGL;
21-10-2009;08:00:00;(massa)Concentratie ammonium in Oppervlaktewater uitgedrukt in stikstof / opgeloste fractie in mg/l;Lobith ponton;;0,0200;mg/l;-100;WATSGL;
4-11-2009;08:00:00;(massa)Concentratie ammonium in Oppervlaktewater uitgedrukt in stikstof / opgeloste fractie in mg/l;Lobith ponton;;0,0400;mg/l;-100;WATSGL;
18-11-2009;08:00:00;(massa)Concentratie ammonium in Oppervlaktewater uitgedrukt in stikstof / opgeloste fractie in mg/l;Lobith ponton;;0,0200;mg/l;-100;WATSGL;
2-12-2009;08:00:00;(massa)Concentratie ammonium in Oppervlaktewater uitgedrukt in stikstof / opgeloste fractie in mg/l;Lobith ponton;;0,0500;mg/l;-100;WATSGL;
16-12-2009;08:00:00;(massa)Concentratie ammonium in Oppervlaktewater uitgedrukt in stikstof / opgeloste fractie in mg/l;Lobith ponton;;0,0700;mg/l;-100;WATSGL;
30-12-2009;08:15:00;(massa)Concentratie ammonium in Oppervlaktewater uitgedrukt in stikstof / opgeloste fractie in mg/l;Lobith ponton;;0,1300;mg/l;-100;WATSGL;
13-1-2010;08:00:00;(massa)Concentratie ammonium in Oppervlaktewater uitgedrukt in stikstof / opgeloste fractie in mg/l;Lobith ponton;;0,1100;mg/l;-100;WATSGL;
27-1-2010;08:00:00;(massa)Concentratie ammonium in Oppervlaktewater uitgedrukt in stikstof / opgeloste fractie in mg/l;Lobith ponton;;0,1400;mg/l;-100;WATSGL;
10-2-2010;08:00:00;(massa)Concentratie ammonium in Oppervlaktewater uitgedrukt in stikstof / opgeloste fractie in mg/l;Lobith ponton;;0,1300;mg/l;-100;WATSGL;
24-2-2010;08:00:00;(massa)Concentratie ammonium in Oppervlaktewater uitgedrukt in stikstof / opgeloste fractie in mg/l;Lobith ponton;;0,1800;mg/l;-100;WATSGL;
10-3-2010;08:00:00;(massa)Concentratie ammonium in Oppervlaktewater uitgedrukt in stikstof / opgeloste fractie in mg/l;Lobith ponton;;0,1000;mg/l;-100;WATSGL;
24-3-2010;08:00:00;(massa)Concentratie ammonium in Oppervlaktewater uitgedrukt in stikstof / opgeloste fractie in mg/l;Lobith ponton;;0,0700;mg/l;-100;WATSGL;
7-4-2010;07:45:00;(massa)Concentratie ammonium in Oppervlaktewater uitgedrukt in stikstof / opgeloste fractie in mg/l;Lobith ponton;;0,0500;mg/l;-100;WATSGL;
21-4-2010;08:00:00;(massa)Concentratie ammonium in Oppervlaktewater uitgedrukt in stikstof / opgeloste fractie in mg/l;Lobith ponton;;0,0300;mg/l;-100;WATSGL;
6-5-2010;07:30:00;(massa)Concentratie ammonium in Oppervlaktewater uitgedrukt in stikstof / opgeloste fractie in mg/l;Lobith ponton;;0,0300;mg/l;-100;WATSGL;
19-5-2010;07:45:00;(massa)Concentratie ammonium in Oppervlaktewater uitgedrukt in stikstof / opgeloste fractie in mg/l;Lobith ponton;;0,0400;mg/l;-100;WATSGL;
2-6-2010;08:00:00;(massa)Concentratie ammonium in Oppervlaktewater uitgedrukt in stikstof / opgeloste fractie in mg/l;Lobith ponton;;0,0300;mg/l;-100;WATSGL;
16-6-2010;08:00:00;(massa)Concentratie ammonium in Oppervlaktewater uitgedrukt in stikstof / opgeloste fractie in mg/l;Lobith ponton;<;0,0100;mg/l;-100;WATSGL;
30-6-2010;07:50:00;(massa)Concentratie ammonium in Oppervlaktewater uitgedrukt in stikstof / opgeloste fractie in mg/l;Lobith ponton;;0,0400;mg/l;-100;WATSGL;
14-7-2010;07:30:00;(massa)Concentratie ammonium in Oppervlaktewater uitgedrukt in stikstof / opgeloste fractie in mg/l;Lobith ponton;;0,0300;mg/l;-100;WATSGL;
28-7-2010;07:45:00;(massa)Concentratie ammonium in Oppervlaktewater uitgedrukt in stikstof / opgeloste fractie in mg/l;Lobith ponton;;0,0700;mg/l;-100;WATSGL;
11-8-2010;08:00:00;(massa)Concentratie ammonium in Oppervlaktewater uitgedrukt in stikstof / opgeloste fractie in mg/l;Lobith ponton;;0,0200;mg/l;-100;WATSGL;
25-8-2010;08:00:00;(massa)Concentratie ammonium in Oppervlaktewater uitgedrukt in stikstof / opgeloste fractie in mg/l;Lobith ponton;<;0,0100;mg/l;-100;WATSGL;
8-9-2010;08:00:00;(massa)Concentratie ammonium in Oppervlaktewater uitgedrukt in stikstof / opgeloste fractie in mg/l;Lobith ponton;;0,0500;mg/l;-100;WATSGL;
22-9-2010;08:00:00;(massa)Concentratie ammonium in Oppervlaktewater uitgedrukt in stikstof / opgeloste fractie in mg/l;Lobith ponton;;0,0100;mg/l;-100;WATSGL;
6-10-2010;08:00:00;(massa)Concentratie ammonium in Oppervlaktewater uitgedrukt in stikstof / opgeloste fractie in mg/l;Lobith ponton;;0,0200;mg/l;-100;WATSGL;
20-10-2010;07:45:00;(massa)Concentratie ammonium in Oppervlaktewater uitgedrukt in stikstof / opgeloste fractie in mg/l;Lobith ponton;;0,0200;mg/l;-100;WATSGL;
3-11-2010;07:50:00;(massa)Concentratie ammonium in Oppervlaktewater uitgedrukt in stikstof / opgeloste fractie in mg/l;Lobith ponton;;0,0200;mg/l;-100;WATSGL;
17-11-2010;08:00:00;(massa)Concentratie ammonium in Oppervlaktewater uitgedrukt in stikstof / opgeloste fractie in mg/l;Lobith ponton;;0,0400;mg/l;-100;WATSGL;
1-12-2010;07:55:00;(massa)Concentratie ammonium in Oppervlaktewater uitgedrukt in stikstof / opgeloste fractie in mg/l;Lobith ponton;;0,0500;mg/l;-100;WATSGL;
15-12-2010;08:00:00;(massa)Concentratie ammonium in Oppervlaktewater uitgedrukt in stikstof / opgeloste fractie in mg/l;Lobith ponton;;0,1100;mg/l;-100;WATSGL;
29-12-2010;07:55:00;(massa)Concentratie ammonium in Oppervlaktewater uitgedrukt in stikstof / opgeloste fractie in mg/l;Lobith ponton;;0,1200;mg/l;-100;WATSGL;
12-1-2011;08:00:00;(massa)Concentratie ammonium in Oppervlaktewater uitgedrukt in stikstof / opgeloste fractie in mg/l;Lobith ponton;;0,1050;mg/l;-100;WATSGL;
26-1-2011;08:01:00;(massa)Concentratie ammonium in Oppervlaktewater uitgedrukt in stikstof / opgeloste fractie in mg/l;Lobith ponton;;0,1430;mg/l;-100;WATSGL;
9-2-2011;08:00:00;(massa)Concentratie ammonium in Oppervlaktewater uitgedrukt in stikstof / opgeloste fractie in mg/l;Lobith ponton;;0,1380;mg/l;-100;WATSGL;
23-2-2011;08:00:00;(massa)Concentratie ammonium in Oppervlaktewater uitgedrukt in stikstof / opgeloste fractie in mg/l;Lobith ponton;;0,1090;mg/l;-100;WATSGL;
9-3-2011;07:35:00;(massa)Concentratie ammonium in Oppervlaktewater uitgedrukt in stikstof / opgeloste fractie in mg/l;Lobith ponton;;0,0520;mg/l;-100;WATSGL;
23-3-2011;08:00:00;(massa)Concentratie ammonium in Oppervlaktewater uitgedrukt in stikstof / opgeloste fractie in mg/l;Lobith ponton;;0,0160;mg/l;-100;WATSGL;
6-4-2011;08:00:00;(massa)Concentratie ammonium in Oppervlaktewater uitgedrukt in stikstof / opgeloste fractie in mg/l;Lobith ponton;;0,0400;mg/l;-100;WATSGL;
20-4-2011;07:45:00;(massa)Concentratie ammonium in Oppervlaktewater uitgedrukt in stikstof / opgeloste fractie in mg/l;Lobith ponton;;0,0170;mg/l;-100;WATSGL;
3-5-2011;08:00:00;(massa)Concentratie ammonium in Oppervlaktewater uitgedrukt in stikstof / opgeloste fractie in mg/l;Lobith ponton;<;0,0100;mg/l;-100;WATSGL;
18-5-2011;08:00:00;(massa)Concentratie ammonium in Oppervlaktewater uitgedrukt in stikstof / opgeloste fractie in mg/l;Lobith ponton;;0,0140;mg/l;-100;WATSGL;
31-5-2011;07:45:00;(massa)Concentratie ammonium in Oppervlaktewater uitgedrukt in stikstof / opgeloste fractie in mg/l;Lobith ponton;;0,0230;mg/l;-100;WATSGL;
15-6-2011;08:00:00;(massa)Concentratie ammonium in Oppervlaktewater uitgedrukt in stikstof / opgeloste fractie in mg/l;Lobith ponton;;0,0160;mg/l;-100;WATSGL;
29-6-2011;08:00:00;(massa)Concentratie ammonium in Oppervlaktewater uitgedrukt in stikstof / opgeloste fractie in mg/l;Lobith ponton;<;0,0100;mg/l;-100;WATSGL;
13-7-2011;08:00:00;(massa)Concentratie ammonium in Oppervlaktewater uitgedrukt in stikstof / opgeloste fractie in mg/l;Lobith ponton;;0,0370;mg/l;-100;WATSGL;
27-7-2011;08:00:00;(massa)Concentratie ammonium in Oppervlaktewater uitgedrukt in stikstof / opgeloste fractie in mg/l;Lobith ponton;;0,0140;mg/l;-100;WATSGL;
10-8-2011;08:00:00;(massa)Concentratie ammonium in Oppervlaktewater uitgedrukt in stikstof / opgeloste fractie in mg/l;Lobith ponton;;0,0290;mg/l;-100;WATSGL;
24-8-2011;08:00:00;(massa)Concentratie ammonium in Oppervlaktewater uitgedrukt in stikstof / opgeloste fractie in mg/l;Lobith ponton;;0,0330;mg/l;-100;WATSGL;
7-9-2011;08:00:00;(massa)Concentratie ammonium in Oppervlaktewater uitgedrukt in stikstof / opgeloste fractie in mg/l;Lobith ponton;;0,0320;mg/l;-100;WATSGL;
21-9-2011;08:00:00;(massa)Concentratie ammonium in Oppervlaktewater uitgedrukt in stikstof / opgeloste fractie in mg/l;Lobith ponton;;0,0250;mg/l;-100;WATSGL;
5-10-2011;08:00:00;(massa)Concentratie ammonium in Oppervlaktewater uitgedrukt in stikstof / opgeloste fractie in mg/l;Lobith ponton;;0,0160;mg/l;-100;WATSGL;
19-10-2011;08:00:00;(massa)Concentratie ammonium in Oppervlaktewater uitgedrukt in stikstof / opgeloste fractie in mg/l;Lobith ponton;<;0,0100;mg/l;-100;WATSGL;
2-11-2011;08:00:00;(massa)Concentratie ammonium in Oppervlaktewater uitgedrukt in stikstof / opgeloste fractie in mg/l;Lobith ponton;;0,0230;mg/l;-100;WATSGL;
16-11-2011;08:00:00;(massa)Concentratie ammonium in Oppervlaktewater uitgedrukt in stikstof / opgeloste fractie in mg/l;Lobith ponton;;0,0490;mg/l;-100;WATSGL;
30-11-2011;08:00:00;(massa)Concentratie ammonium in Oppervlaktewater uitgedrukt in stikstof / opgeloste fractie in mg/l;Lobith ponton;;0,0460;mg/l;-100;WATSGL;
14-12-2011;08:00:00;(massa)Concentratie ammonium in Oppervlaktewater uitgedrukt in stikstof / opgeloste fractie in mg/l;Lobith ponton;;0,1970;mg/l;-100;WATSGL;
28-12-2011;08:00:00;(massa)Concentratie ammonium in Oppervlaktewater uitgedrukt in stikstof / opgeloste fractie in mg/l;Lobith ponton;;0,0590;mg/l;-100;WATSGL;
11-1-2012;08:00:00;(massa)Concentratie ammonium in Oppervlaktewater uitgedrukt in stikstof / opgeloste fractie in mg/l;Lobith ponton;;0,0630;mg/l;-100;WATSGL;
25-1-2012;08:00:00;(massa)Concentratie ammonium in Oppervlaktewater uitgedrukt in stikstof / opgeloste fractie in mg/l;Lobith ponton;;0,1060;mg/l;-100;WATSGL;
8-2-2012;08:00:00;(massa)Concentratie ammonium in Oppervlaktewater uitgedrukt in stikstof / opgeloste fractie in mg/l;Lobith ponton;;0,1750;mg/l;-100;WATSGL;
22-2-2012;08:00:00;(massa)Concentratie ammonium in Oppervlaktewater uitgedrukt in stikstof / opgeloste fractie in mg/l;Lobith ponton;;0,1880;mg/l;-100;WATSGL;
7-3-2012;08:00:00;(massa)Concentratie ammonium in Oppervlaktewater uitgedrukt in stikstof / opgeloste fractie in mg/l;Lobith ponton;;0,0570;mg/l;-100;WATSGL;
21-3-2012;08:00:00;(massa)Concentratie ammonium in Oppervlaktewater uitgedrukt in stikstof / opgeloste fractie in mg/l;Lobith ponton;<;0,0100;mg/l;-100;WATSGL;
4-4-2012;08:00:00;(massa)Concentratie ammonium in Oppervlaktewater uitgedrukt in stikstof / opgeloste fractie in mg/l;Lobith ponton;<;0,0100;mg/l;-100;WATSGL;
18-4-2012;08:00:00;(massa)Concentratie ammonium in Oppervlaktewater uitgedrukt in stikstof / opgeloste fractie in mg/l;Lobith ponton;;0,0160;mg/l;-100;WATSGL;
2-5-2012;08:00:00;(massa)Concentratie ammonium in Oppervlaktewater uitgedrukt in stikstof / opgeloste fractie in mg/l;Lobith ponton;;0,0150;mg/l;-100;WATSGL;
15-5-2012;08:00:00;(massa)Concentratie ammonium in Oppervlaktewater uitgedrukt in stikstof / opgeloste fractie in mg/l;Lobith ponton;;0,0210;mg/l;-100;WATSGL;
30-5-2012;07:30:00;(massa)Concentratie ammonium in Oppervlaktewater uitgedrukt in stikstof / opgeloste fractie in mg/l;Lobith ponton;;0,0110;mg/l;-100;WATSGL;
13-6-2012;08:00:00;(massa)Concentratie ammonium in Oppervlaktewater uitgedrukt in stikstof / opgeloste fractie in mg/l;Lobith ponton;;0,0290;mg/l;-100;WATSGL;
27-6-2012;07:30:00;(massa)Concentratie ammonium in Oppervlaktewater uitgedrukt in stikstof / opgeloste fractie in mg/l;Lobith ponton;<;0,0100;mg/l;-100;WATSGL;
11-7-2012;08:00:00;(massa)Concentratie ammonium in Oppervlaktewater uitgedrukt in stikstof / opgeloste fractie in mg/l;Lobith ponton;;0,0100;mg/l;-100;WATSGL;
25-7-2012;07:45:00;(massa)Concentratie ammonium in Oppervlaktewater uitgedrukt in stikstof / opgeloste fractie in mg/l;Lobith ponton;<;0,0100;mg/l;-100;WATSGL;
8-8-2012;08:00:00;(massa)Concentratie ammonium in Oppervlaktewater uitgedrukt in stikstof / opgeloste fractie in mg/l;Lobith ponton;<;0,0100;mg/l;-100;WATSGL;
22-8-2012;08:00:00;(massa)Concentratie ammonium in Oppervlaktewater uitgedrukt in stikstof / opgeloste fractie in mg/l;Lobith ponton;;0,0310;mg/l;-100;WATSGL;
5-9-2012;07:45:00;(massa)Concentratie ammonium in Oppervlaktewater uitgedrukt in stikstof / opgeloste fractie in mg/l;Lobith ponton;<;0,0100;mg/l;-100;WATSGL;
19-9-2012;08:00:00;(massa)Concentratie ammonium in Oppervlaktewater uitgedrukt in stikstof / opgeloste fractie in mg/l;Lobith ponton;<;0,0100;mg/l;-100;WATSGL;
3-10-2012;08:00:00;(massa)Concentratie ammonium in Oppervlaktewater uitgedrukt in stikstof / opgeloste fractie in mg/l;Lobith ponton;;0,0260;mg/l;-100;WATSGL;
17-10-2012;08:00:00;(massa)Concentratie ammonium in Oppervlaktewater uitgedrukt in stikstof / opgeloste fractie in mg/l;Lobith ponton;;0,0210;mg/l;-100;WATSGL;
31-10-2012;08:00:00;(massa)Concentratie ammonium in Oppervlaktewater uitgedrukt in stikstof / opgeloste fractie in mg/l;Lobith ponton;;0,0480;mg/l;-100;WATSGL;
14-11-2012;08:00:00;(massa)Concentratie ammonium in Oppervlaktewater uitgedrukt in stikstof / opgeloste fractie in mg/l;Lobith ponton;;0,0300;mg/l;-100;WATSGL;
28-11-2012;08:00:00;(massa)Concentratie ammonium in Oppervlaktewater uitgedrukt in stikstof / opgeloste fractie in mg/l;Lobith ponton;;0,0580;mg/l;-100;WATSGL;
12-12-2012;08:00:00;(massa)Concentratie ammonium in Oppervlaktewater uitgedrukt in stikstof / opgeloste fractie in mg/l;Lobith ponton;;0,0650;mg/l;-100;WATSGL;
27-12-2012;08:00:00;(massa)Concentratie ammonium in Oppervlaktewater uitgedrukt in stikstof / opgeloste fractie in mg/l;Lobith ponton;;0,0610;mg/l;-100;WATSGL;
9-1-2013;08:00:00;(massa)Concentratie ammonium in Oppervlaktewater uitgedrukt in stikstof / opgeloste fractie in mg/l;Lobith ponton;;0,0390;mg/l;-100;WATSGL;
23-1-2013;08:00:00;(massa)Concentratie ammonium in Oppervlaktewater uitgedrukt in stikstof / opgeloste fractie in mg/l;Lobith ponton;;0,0980;mg/l;-100;WATSGL;
6-2-2013;08:00:00;(massa)Concentratie ammonium in Oppervlaktewater uitgedrukt in stikstof / opgeloste fractie in mg/l;Lobith ponton;;0,0900;mg/l;-100;WATSGL;
20-2-2013;08:00:00;(massa)Concentratie ammonium in Oppervlaktewater uitgedrukt in stikstof / opgeloste fractie in mg/l;Lobith ponton;;0,1040;mg/l;-100;WATSGL;
6-3-2013;08:00:00;(massa)Concentratie ammonium in Oppervlaktewater uitgedrukt in stikstof / opgeloste fractie in mg/l;Lobith ponton;;0,0760;mg/l;-100;WATSGL;
20-3-2013;08:00:00;(massa)Concentratie ammonium in Oppervlaktewater uitgedrukt in stikstof / opgeloste fractie in mg/l;Lobith ponton;;0,0240;mg/l;-100;WATSGL;
3-4-2013;08:00:00;(massa)Concentratie ammonium in Oppervlaktewater uitgedrukt in stikstof / opgeloste fractie in mg/l;Lobith ponton;;0,0220;mg/l;-100;WATSGL;
17-4-2013;08:00:00;(massa)Concentratie ammonium in Oppervlaktewater uitgedrukt in stikstof / opgeloste fractie in mg/l;Lobith ponton;;0,0560;mg/l;-100;WATSGL;
1-5-2013;08:00:00;(massa)Concentratie ammonium in Oppervlaktewater uitgedrukt in stikstof / opgeloste fractie in mg/l;Lobith ponton;<;0,0100;mg/l;-100;WATSGL;
15-5-2013;07:45:00;(massa)Concentratie ammonium in Oppervlaktewater uitgedrukt in stikstof / opgeloste fractie in mg/l;Lobith ponton;;0,0130;mg/l;-100;WATSGL;
29-5-2013;08:00:00;(massa)Concentratie ammonium in Oppervlaktewater uitgedrukt in stikstof / opgeloste fractie in mg/l;Lobith ponton;;0,0230;mg/l;-100;WATSGL;
12-6-2013;08:00:00;(massa)Concentratie ammonium in Oppervlaktewater uitgedrukt in stikstof / opgeloste fractie in mg/l;Lobith ponton;;0,0270;mg/l;-100;WATSGL;
26-6-2013;08:00:00;(massa)Concentratie ammonium in Oppervlaktewater uitgedrukt in stikstof / opgeloste fractie in mg/l;Lobith ponton;;0,0240;mg/l;-100;WATSGL;
10-7-2013;08:00:00;(massa)Concentratie ammonium in Oppervlaktewater uitgedrukt in stikstof / opgeloste fractie in mg/l;Lobith ponton;<;0,0100;mg/l;-100;WATSGL;
24-7-2013;08:00:00;(massa)Concentratie ammonium in Oppervlaktewater uitgedrukt in stikstof / opgeloste fractie in mg/l;Lobith ponton;;0,0190;mg/l;-100;WATSGL;
7-8-2013;08:00:00;(massa)Concentratie ammonium in Oppervlaktewater uitgedrukt in stikstof / opgeloste fractie in mg/l;Lobith ponton;;0,0110;mg/l;-100;WATSGL;
21-8-2013;08:00:00;(massa)Concentratie ammonium in Oppervlaktewater uitgedrukt in stikstof / opgeloste fractie in mg/l;Lobith ponton;;0,0140;mg/l;-100;WATSGL;
4-9-2013;08:00:00;(massa)Concentratie ammonium in Oppervlaktewater uitgedrukt in stikstof / opgeloste fractie in mg/l;Lobith ponton;;0,0180;mg/l;-100;WATSGL;
18-9-2013;08:00:00;(massa)Concentratie ammonium in Oppervlaktewater uitgedrukt in stikstof / opgeloste fractie in mg/l;Lobith ponton;;0,0160;mg/l;-100;WATSGL;
2-10-2013;08:10:00;(massa)Concentratie ammonium in Oppervlaktewater uitgedrukt in stikstof / opgeloste fractie in mg/l;Lobith ponton;;0,0290;mg/l;-100;WATSGL;
16-10-2013;08:00:00;(massa)Concentratie ammonium in Oppervlaktewater uitgedrukt in stikstof / opgeloste fractie in mg/l;Lobith ponton;;0,0230;mg/l;-100;WATSGL;
30-10-2013;08:00:00;(massa)Concentratie ammonium in Oppervlaktewater uitgedrukt in stikstof / opgeloste fractie in mg/l;Lobith ponton;;0,0130;mg/l;-100;WATSGL;
13-11-2013;08:00:00;(massa)Concentratie ammonium in Oppervlaktewater uitgedrukt in stikstof / opgeloste fractie in mg/l;Lobith ponton;;0,0230;mg/l;-100;WATSGL;
27-11-2013;07:50:00;(massa)Concentratie ammonium in Oppervlaktewater uitgedrukt in stikstof / opgeloste fractie in mg/l;Lobith ponton;;0,0300;mg/l;-100;WATSGL;
11-12-2013;08:00:00;(massa)Concentratie ammonium in Oppervlaktewater uitgedrukt in stikstof / opgeloste fractie in mg/l;Lobith ponton;;0,0340;mg/l;-100;WATSGL;
23-12-2013;08:00:00;(massa)Concentratie ammonium in Oppervlaktewater uitgedrukt in stikstof / opgeloste fractie in mg/l;Lobith ponton;;0,0380;mg/l;-100;WATSGL;
8-1-2014;07:50:00;(massa)Concentratie ammonium in Oppervlaktewater uitgedrukt in stikstof / opgeloste fractie in mg/l;Lobith ponton;;0,0460;mg/l;-100;WATSGL;
22-1-2014;08:00:00;(massa)Concentratie ammonium in Oppervlaktewater uitgedrukt in stikstof / opgeloste fractie in mg/l;Lobith ponton;;0,0240;mg/l;-100;WATSGL;
5-2-2014;08:00:00;(massa)Concentratie ammonium in Oppervlaktewater uitgedrukt in stikstof / opgeloste fractie in mg/l;Lobith ponton;;0,0190;mg/l;-100;WATSGL;
19-2-2014;08:00:00;(massa)Concentratie ammonium in Oppervlaktewater uitgedrukt in stikstof / opgeloste fractie in mg/l;Lobith ponton;;0,0140;mg/l;-100;WATSGL;
5-3-2014;08:00:00;(massa)Concentratie ammonium in Oppervlaktewater uitgedrukt in stikstof / opgeloste fractie in mg/l;Lobith ponton;;0,0240;mg/l;-100;WATSGL;
19-3-2014;08:00:00;(massa)Concentratie ammonium in Oppervlaktewater uitgedrukt in stikstof / opgeloste fractie in mg/l;Lobith ponton;;0,0110;mg/l;-100;WATSGL;
2-4-2014;08:00:00;(massa)Concentratie ammonium in Oppervlaktewater uitgedrukt in stikstof / opgeloste fractie in mg/l;Lobith ponton;;0,0220;mg/l;-100;WATSGL;
16-4-2014;08:00:00;(massa)Concentratie ammonium in Oppervlaktewater uitgedrukt in stikstof / opgeloste fractie in mg/l;Lobith ponton;;0,0290;mg/l;-100;WATSGL;
30-4-2014;08:00:00;(massa)Concentratie ammonium in Oppervlaktewater uitgedrukt in stikstof / opgeloste fractie in mg/l;Lobith ponton;;0,0660;mg/l;-100;WATSGL;
14-5-2014;08:00:00;(massa)Concentratie ammonium in Oppervlaktewater uitgedrukt in stikstof / opgeloste fractie in mg/l;Lobith ponton;;0,0360;mg/l;-100;WATSGL;
27-5-2014;08:00:00;(massa)Concentratie ammonium in Oppervlaktewater uitgedrukt in stikstof / opgeloste fractie in mg/l;Lobith ponton;;0,0170;mg/l;-100;WATSGL;
11-6-2014;08:00:00;(massa)Concentratie ammonium in Oppervlaktewater uitgedrukt in stikstof / opgeloste fractie in mg/l;Lobith ponton;;0,0940;mg/l;-100;WATSGL;
25-6-2014;08:00:00;(massa)Concentratie ammonium in Oppervlaktewater uitgedrukt in stikstof / opgeloste fractie in mg/l;Lobith ponton;;0,0340;mg/l;-100;WATSGL;
9-7-2014;08:00:00;(massa)Concentratie ammonium in Oppervlaktewater uitgedrukt in stikstof / opgeloste fractie in mg/l;Lobith ponton;;0,0440;mg/l;-100;WATSGL;
23-7-2014;08:00:00;(massa)Concentratie ammonium in Oppervlaktewater uitgedrukt in stikstof / opgeloste fractie in mg/l;Lobith ponton;;0,0600;mg/l;-100;WATSGL;
6-8-2014;08:00:00;(massa)Concentratie ammonium in Oppervlaktewater uitgedrukt in stikstof / opgeloste fractie in mg/l;Lobith ponton;<;0,0100;mg/l;-100;WATSGL;
20-8-2014;12:00:00;(massa)Concentratie ammonium in Oppervlaktewater uitgedrukt in stikstof / opgeloste fractie in mg/l;Lobith ponton;;0,0240;mg/l;-100;WATSGL;
3-9-2014;08:00:00;(massa)Concentratie ammonium in Oppervlaktewater uitgedrukt in stikstof / opgeloste fractie in mg/l;Lobith ponton;;0,0160;mg/l;-100;WATSGL;
17-9-2014;08:00:00;(massa)Concentratie ammonium in Oppervlaktewater uitgedrukt in stikstof / opgeloste fractie in mg/l;Lobith ponton;;0,0260;mg/l;-100;WATSGL;
1-10-2014;08:00:00;(massa)Concentratie ammonium in Oppervlaktewater uitgedrukt in stikstof / opgeloste fractie in mg/l;Lobith ponton;;0,0250;mg/l;-100;WATSGL;
15-10-2014;08:00:00;(massa)Concentratie ammonium in Oppervlaktewater uitgedrukt in stikstof / opgeloste fractie in mg/l;Lobith ponton;;0,0380;mg/l;-100;WATSGL;
29-10-2014;08:00:00;(massa)Concentratie ammonium in Oppervlaktewater uitgedrukt in stikstof / opgeloste fractie in mg/l;Lobith ponton;<;0,0100;mg/l;-100;WATSGL;
12-11-2014;07:45:00;(massa)Concentratie ammonium in Oppervlaktewater uitgedrukt in stikstof / opgeloste fractie in mg/l;Lobith ponton;;0,0320;mg/l;-100;WATSGL;
26-11-2014;08:00:00;(massa)Concentratie ammonium in Oppervlaktewater uitgedrukt in stikstof / opgeloste fractie in mg/l;Lobith ponton;;0,0530;mg/l;-100;WATSGL;
10-12-2014;08:00:00;(massa)Concentratie ammonium in Oppervlaktewater uitgedrukt in stikstof / opgeloste fractie in mg/l;Lobith ponton;;0,0860;mg/l;-100;WATSGL;
23-12-2014;08:00:00;(massa)Concentratie ammonium in Oppervlaktewater uitgedrukt in stikstof / opgeloste fractie in mg/l;Lobith ponton;;0,0530;mg/l;-100;WATSGL;
7-1-2015;08:00:00;(massa)Concentratie ammonium in Oppervlaktewater uitgedrukt in stikstof / opgeloste fractie in mg/l;Lobith ponton;;0,1300;mg/l;-100;WATSGL;
21-1-2015;08:00:00;(massa)Concentratie ammonium in Oppervlaktewater uitgedrukt in stikstof / opgeloste fractie in mg/l;Lobith ponton;;0,0800;mg/l;-100;WATSGL;
4-2-2015;08:00:00;(massa)Concentratie ammonium in Oppervlaktewater uitgedrukt in stikstof / opgeloste fractie in mg/l;Lobith ponton;;0,0900;mg/l;-100;WATSGL;
18-2-2015;08:00:00;(massa)Concentratie ammonium in Oppervlaktewater uitgedrukt in stikstof / opgeloste fractie in mg/l;Lobith ponton;;0,1300;mg/l;-100;WATSGL;
4-3-2015;08:00:00;(massa)Concentratie ammonium in Oppervlaktewater uitgedrukt in stikstof / opgeloste fractie in mg/l;Lobith ponton;;0,1000;mg/l;-100;WATSGL;
18-3-2015;08:00:00;(massa)Concentratie ammonium in Oppervlaktewater uitgedrukt in stikstof / opgeloste fractie in mg/l;Lobith ponton;;0,0600;mg/l;-100;WATSGL;
1-4-2015;08:00:00;(massa)Concentratie ammonium in Oppervlaktewater uitgedrukt in stikstof / opgeloste fractie in mg/l;Lobith ponton;;0,1200;mg/l;-100;WATSGL;
15-4-2015;08:00:00;(massa)Concentratie ammonium in Oppervlaktewater uitgedrukt in stikstof / opgeloste fractie in mg/l;Lobith ponton;;0,0400;mg/l;-100;WATSGL;
29-4-2015;08:00:00;(massa)Concentratie ammonium in Oppervlaktewater uitgedrukt in stikstof / opgeloste fractie in mg/l;Lobith ponton;<;0,0200;mg/l;-100;WATSGL;
12-5-2015;08:00:00;(massa)Concentratie ammonium in Oppervlaktewater uitgedrukt in stikstof / opgeloste fractie in mg/l;Lobith ponton;;0,0300;mg/l;-100;WATSGL;
27-5-2015;07:20:00;(massa)Concentratie ammonium in Oppervlaktewater uitgedrukt in stikstof / opgeloste fractie in mg/l;Lobith ponton;<;0,0200;mg/l;-100;WATSGL;
10-6-2015;08:00:00;(massa)Concentratie ammonium in Oppervlaktewater uitgedrukt in stikstof / opgeloste fractie in mg/l;Lobith ponton;;0,0200;mg/l;-100;WATSGL;
24-6-2015;08:00:00;(massa)Concentratie ammonium in Oppervlaktewater uitgedrukt in stikstof / opgeloste fractie in mg/l;Lobith ponton;;0,0500;mg/l;-100;WATSGL;
8-7-2015;08:00:00;(massa)Concentratie ammonium in Oppervlaktewater uitgedrukt in stikstof / opgeloste fractie in mg/l;Lobith ponton;;0,0200;mg/l;-100;WATSGL;
22-7-2015;08:00:00;(massa)Concentratie ammonium in Oppervlaktewater uitgedrukt in stikstof / opgeloste fractie in mg/l;Lobith ponton;;0,0300;mg/l;-100;WATSGL;
5-8-2015;08:00:00;(massa)Concentratie ammonium in Oppervlaktewater uitgedrukt in stikstof / opgeloste fractie in mg/l;Lobith ponton;;0,0400;mg/l;-100;WATSGL;
19-8-2015;07:45:00;(massa)Concentratie ammonium in Oppervlaktewater uitgedrukt in stikstof / opgeloste fractie in mg/l;Lobith ponton;;0,1200;mg/l;-100;WATSGL;
2-9-2015;08:00:00;(massa)Concentratie ammonium in Oppervlaktewater uitgedrukt in stikstof / opgeloste fractie in mg/l;Lobith ponton;;0,0300;mg/l;-100;WATSGL;
16-9-2015;07:45:00;(massa)Concentratie ammonium in Oppervlaktewater uitgedrukt in stikstof / opgeloste fractie in mg/l;Lobith ponton;;0,0200;mg/l;-100;WATSGL;
30-9-2015;08:00:00;(massa)Concentratie ammonium in Oppervlaktewater uitgedrukt in stikstof / opgeloste fractie in mg/l;Lobith ponton;;0,0200;mg/l;-100;WATSGL;
14-10-2015;08:00:00;(massa)Concentratie ammonium in Oppervlaktewater uitgedrukt in stikstof / opgeloste fractie in mg/l;Lobith ponton;;0,0300;mg/l;-100;WATSGL;
28-10-2015;08:00:00;(massa)Concentratie ammonium in Oppervlaktewater uitgedrukt in stikstof / opgeloste fractie in mg/l;Lobith ponton;;0,0300;mg/l;-100;WATSGL;
11-11-2015;08:00:00;(massa)Concentratie ammonium in Oppervlaktewater uitgedrukt in stikstof / opgeloste fractie in mg/l;Lobith ponton;;0,0400;mg/l;-100;WATSGL;
25-11-2015;08:00:00;(massa)Concentratie ammonium in Oppervlaktewater uitgedrukt in stikstof / opgeloste fractie in mg/l;Lobith ponton;;0,1000;mg/l;-100;WATSGL;
9-12-2015;08:00:00;(massa)Concentratie ammonium in Oppervlaktewater uitgedrukt in stikstof / opgeloste fractie in mg/l;Lobith ponton;;0,0900;mg/l;-100;WATSGL;
23-12-2015;07:45:00;(massa)Concentratie ammonium in Oppervlaktewater uitgedrukt in stikstof / opgeloste fractie in mg/l;Lobith ponton;;0,1400;mg/l;-100;WATSGL;
6-1-2016;08:00:00;(massa)Concentratie ammonium in Oppervlaktewater uitgedrukt in stikstof / opgeloste fractie in mg/l;Lobith ponton;;0,1310;mg/l;-100;WATSGL;
20-1-2016;08:00:00;(massa)Concentratie ammonium in Oppervlaktewater uitgedrukt in stikstof / opgeloste fractie in mg/l;Lobith ponton;;0,0863;mg/l;-100;WATSGL;
3-2-2016;08:00:00;(massa)Concentratie ammonium in Oppervlaktewater uitgedrukt in stikstof / opgeloste fractie in mg/l;Lobith ponton;;0,1390;mg/l;-100;WATSGL;
17-2-2016;08:10:00;(massa)Concentratie ammonium in Oppervlaktewater uitgedrukt in stikstof / opgeloste fractie in mg/l;Lobith ponton;;0,0889;mg/l;-100;WATSGL;
2-3-2016;08:00:00;(massa)Concentratie ammonium in Oppervlaktewater uitgedrukt in stikstof / opgeloste fractie in mg/l;Lobith ponton;;0,1010;mg/l;-100;WATSGL;
16-3-2016;08:00:00;(massa)Concentratie ammonium in Oppervlaktewater uitgedrukt in stikstof / opgeloste fractie in mg/l;Lobith ponton;;0,0820;mg/l;-100;WATSGL;
30-3-2016;08:00:00;(massa)Concentratie ammonium in Oppervlaktewater uitgedrukt in stikstof / opgeloste fractie in mg/l;Lobith ponton;;0,1010;mg/l;-100;WATSGL;
13-4-2016;08:00:00;(massa)Concentratie ammonium in Oppervlaktewater uitgedrukt in stikstof / opgeloste fractie in mg/l;Lobith ponton;;0,0481;mg/l;-100;WATSGL;
28-4-2016;08:00:00;(massa)Concentratie ammonium in Oppervlaktewater uitgedrukt in stikstof / opgeloste fractie in mg/l;Lobith ponton;;0,0708;mg/l;-100;WATSGL;
11-5-2016;08:00:00;(massa)Concentratie ammonium in Oppervlaktewater uitgedrukt in stikstof / opgeloste fractie in mg/l;Lobith ponton;;0,0234;mg/l;-100;WATSGL;
25-5-2016;07:45:00;(massa)Concentratie ammonium in Oppervlaktewater uitgedrukt in stikstof / opgeloste fractie in mg/l;Lobith ponton;;0,0353;mg/l;-100;WATSGL;
8-6-2016;08:00:00;(massa)Concentratie ammonium in Oppervlaktewater uitgedrukt in stikstof / opgeloste fractie in mg/l;Lobith ponton;;0,0342;mg/l;-100;WATSGL;
22-6-2016;08:00:00;(massa)Concentratie ammonium in Oppervlaktewater uitgedrukt in stikstof / opgeloste fractie in mg/l;Lobith ponton;;0,0319;mg/l;-100;WATSGL;
6-7-2016;08:00:00;(massa)Concentratie ammonium in Oppervlaktewater uitgedrukt in stikstof / opgeloste fractie in mg/l;Lobith ponton;;0,0278;mg/l;-100;WATSGL;
20-7-2016;07:45:00;(massa)Concentratie ammonium in Oppervlaktewater uitgedrukt in stikstof / opgeloste fractie in mg/l;Lobith ponton;;0,0259;mg/l;-100;WATSGL;
3-8-2016;08:00:00;(massa)Concentratie ammonium in Oppervlaktewater uitgedrukt in stikstof / opgeloste fractie in mg/l;Lobith ponton;;0,0514;mg/l;-100;WATSGL;
17-8-2016;07:45:00;(massa)Concentratie ammonium in Oppervlaktewater uitgedrukt in stikstof / opgeloste fractie in mg/l;Lobith ponton;;0,0271;mg/l;-100;WATSGL;
31-8-2016;08:00:00;(massa)Concentratie ammonium in Oppervlaktewater uitgedrukt in stikstof / opgeloste fractie in mg/l;Lobith ponton;;0,0542;mg/l;-100;WATSGL;
14-9-2016;07:30:00;(massa)Concentratie ammonium in Oppervlaktewater uitgedrukt in stikstof / opgeloste fractie in mg/l;Lobith ponton;;0,0432;mg/l;-100;WATSGL;
28-9-2016;08:00:00;(massa)Concentratie ammonium in Oppervlaktewater uitgedrukt in stikstof / opgeloste fractie in mg/l;Lobith ponton;;0,0404;mg/l;-100;WATSGL;
12-10-2016;07:50:00;(massa)Concentratie ammonium in Oppervlaktewater uitgedrukt in stikstof / opgeloste fractie in mg/l;Lobith ponton;;0,0266;mg/l;-100;WATSGL;
26-10-2016;07:30:00;(massa)Concentratie ammonium in Oppervlaktewater uitgedrukt in stikstof / opgeloste fractie in mg/l;Lobith ponton;;0,1840;mg/l;-100;WATSGL;
9-11-2016;08:00:00;(massa)Concentratie ammonium in Oppervlaktewater uitgedrukt in stikstof / opgeloste fractie in mg/l;Lobith ponton;;0,1840;mg/l;-100;WATSGL;
23-11-2016;08:00:00;(massa)Concentratie ammonium in Oppervlaktewater uitgedrukt in stikstof / opgeloste fractie in mg/l;Lobith ponton;;0,1040;mg/l;-100;WATSGL;
7-12-2016;07:30:00;(massa)Concentratie ammonium in Oppervlaktewater uitgedrukt in stikstof / opgeloste fractie in mg/l;Lobith ponton;;0,0881;mg/l;-100;WATSGL;
4-1-2017;08:00:00;(massa)Concentratie ammonium in Oppervlaktewater uitgedrukt in stikstof / opgeloste fractie in mg/l;Lobith ponton;;0,1400;mg/l;-100;WATSGL;
18-1-2017;08:00:00;(massa)Concentratie ammonium in Oppervlaktewater uitgedrukt in stikstof / opgeloste fractie in mg/l;Lobith ponton;;0,1680;mg/l;-100;WATSGL;
1-2-2017;07:40:00;(massa)Concentratie ammonium in Oppervlaktewater uitgedrukt in stikstof / opgeloste fractie in mg/l;Lobith ponton;;0,2820;mg/l;-100;WATSGL;
15-2-2017;08:00:00;(massa)Concentratie ammonium in Oppervlaktewater uitgedrukt in stikstof / opgeloste fractie in mg/l;Lobith ponton;;0,0940;mg/l;-100;WATSGL;
1-3-2017;07:45:00;(massa)Concentratie ammonium in Oppervlaktewater uitgedrukt in stikstof / opgeloste fractie in mg/l;Lobith ponton;;0,0901;mg/l;-100;WATSGL;
15-3-2017;07:45:00;(massa)Concentratie ammonium in Oppervlaktewater uitgedrukt in stikstof / opgeloste fractie in mg/l;Lobith ponton;;0,0587;mg/l;-100;WATSGL;
29-3-2017;08:00:00;(massa)Concentratie ammonium in Oppervlaktewater uitgedrukt in stikstof / opgeloste fractie in mg/l;Lobith ponton;;0,0444;mg/l;-100;WATSGL;
12-4-2017;08:00:00;(massa)Concentratie ammonium in Oppervlaktewater uitgedrukt in stikstof / opgeloste fractie in mg/l;Lobith ponton;;0,0352;mg/l;-100;WATSGL;
25-4-2017;07:45:00;(massa)Concentratie ammonium in Oppervlaktewater uitgedrukt in stikstof / opgeloste fractie in mg/l;Lobith ponton;;0,0228;mg/l;-100;WATSGL;
10-5-2017;08:00:00;(massa)Concentratie ammonium in Oppervlaktewater uitgedrukt in stikstof / opgeloste fractie in mg/l;Lobith ponton;;0,0351;mg/l;-100;WATSGL;
23-5-2017;07:40:00;(massa)Concentratie ammonium in Oppervlaktewater uitgedrukt in stikstof / opgeloste fractie in mg/l;Lobith ponton;;0,0545;mg/l;-100;WATSGL;
7-6-2017;08:00:00;(massa)Concentratie ammonium in Oppervlaktewater uitgedrukt in stikstof / opgeloste fractie in mg/l;Lobith ponton;;0,0273;mg/l;-100;WATSGL;
21-6-2017;08:00:00;(massa)Concentratie ammonium in Oppervlaktewater uitgedrukt in stikstof / opgeloste fractie in mg/l;Lobith ponton;;0,0235;mg/l;-100;WATSGL;
5-7-2017;07:45:00;(massa)Concentratie ammonium in Oppervlaktewater uitgedrukt in stikstof / opgeloste fractie in mg/l;Lobith ponton;;0,0260;mg/l;-100;WATSGL;
19-7-2017;07:45:00;(massa)Concentratie ammonium in Oppervlaktewater uitgedrukt in stikstof / opgeloste fractie in mg/l;Lobith ponton;;0,0558;mg/l;-100;WATSGL;
2-8-2017;07:45:00;(massa)Concentratie ammonium in Oppervlaktewater uitgedrukt in stikstof / opgeloste fractie in mg/l;Lobith ponton;;0,0333;mg/l;-100;WATSGL;
16-8-2017;08:00:00;(massa)Concentratie ammonium in Oppervlaktewater uitgedrukt in stikstof / opgeloste fractie in mg/l;Lobith ponton;;0,0333;mg/l;-100;WATSGL;
30-8-2017;08:00:00;(massa)Concentratie ammonium in Oppervlaktewater uitgedrukt in stikstof / opgeloste fractie in mg/l;Lobith ponton;;0,0206;mg/l;-100;WATSGL;
13-9-2017;07:45:00;(massa)Concentratie ammonium in Oppervlaktewater uitgedrukt in stikstof / opgeloste fractie in mg/l;Lobith ponton;;0,0704;mg/l;-100;WATSGL;
27-9-2017;12:00:00;(massa)Concentratie ammonium in Oppervlaktewater uitgedrukt in stikstof / opgeloste fractie in mg/l;Lobith ponton;;0,0311;mg/l;-100;WATSGL;
11-10-2017;08:00:00;(massa)Concentratie ammonium in Oppervlaktewater uitgedrukt in stikstof / opgeloste fractie in mg/l;Lobith ponton;;0,0197;mg/l;-100;WATSGL;
25-10-2017;08:00:00;(massa)Concentratie ammonium in Oppervlaktewater uitgedrukt in stikstof / opgeloste fractie in mg/l;Lobith ponton;;0,0240;mg/l;-100;WATSGL;
8-11-2017;07:45:00;(massa)Concentratie ammonium in Oppervlaktewater uitgedrukt in stikstof / opgeloste fractie in mg/l;Lobith ponton;;0,0270;mg/l;-100;WATSGL;
22-11-2017;08:00:00;(massa)Concentratie ammonium in Oppervlaktewater uitgedrukt in stikstof / opgeloste fractie in mg/l;Lobith ponton;;0,1340;mg/l;-100;WATSGL;
6-12-2017;07:45:00;(massa)Concentratie ammonium in Oppervlaktewater uitgedrukt in stikstof / opgeloste fractie in mg/l;Lobith ponton;;0,0786;mg/l;-100;WATSGL;
20-12-2017;08:00:00;(massa)Concentratie ammonium in Oppervlaktewater uitgedrukt in stikstof / opgeloste fractie in mg/l;Lobith ponton;;0,1050;mg/l;-100;WATSGL;
